Rank,Youtube Channel,Subscribers,Video Views,Video Count,Category,Started
1,T-Series,234000000,212900271553,18515,Music,2006
2,YouTube Movies,161000000,,,Film & Animation,2015
3,Cocomelon - Nursery Rhymes,152000000,149084178448,846,Education,2006
4,SET India,150000000,137828094104,103200,Shows,2006
5,MrBeast,128000000,21549128785,733,Entertainment,2012
6,Music,118000000,,,https://us.youtubers.me/global/all/top-1000-most_subscribed-youtube-channels,2013
7,PewDiePie,111000000,28851883250,4694,Gaming,2010
8,✿ Kids Diana Show,106000000,86638570921,1056,People & Blogs,2015
9,Like Nastya,104000000,87202935675,754,People & Blogs,2016
10,Gaming,93300000,,,https://us.youtubers.me/global/all/top-1000-most_subscribed-youtube-channels,2013
11,WWE,92800000,73577695222,66174,Sports,2007
12,Vlad and Niki,92700000,72444118381,520,Entertainment,2018
13,Zee Music Company,91600000,53352597784,7530,Music,2014
14,BLACKPINK,83900000,28723286185,468,People & Blogs,2016
15,Goldmines,81200000,21296568609,5090,Film & Animation,2012
16,5-Minute Crafts,78500000,24983430208,5937,Howto & Style,2016
17,Sony SAB,76400000,91117292875,63390,Shows,2007
18,Sports,75100000,,,https://us.youtubers.me/global/all/top-1000-most_subscribed-youtube-channels,2013
19,BANGTANTV,73100000,19240057894,2090,Music,2012
20,Justin Bieber,70800000,29598652357,249,Music,2007
21,HYBE LABELS,69600000,25947702825,1070,Music,2008
22,Canal KondZilla,66300000,37179407050,2383,Music,2012
23,Zee TV,65400000,31291572708,80178,Entertainment,2005
24,Pinkfong Baby Shark - Kids' Songs & Stories,64600000,35934421688,2599,Education,2011
25,Shemaroo Filmi Gaane,63500000,29992048346,8464,Music,2010
26,ChuChu TV Nursery Rhymes & Kids Songs,61100000,41904239949,531,Education,2013
27,Colors TV,59300000,57825649653,102403,Shows,2008
28,Dude Perfect,58600000,15294226020,364,Sports,2009
29,Movieclips,58500000,59493925856,39921,Film & Animation,2006
30,T-Series Bhakti Sagar,57300000,27004807684,24900,Music,2011
31,Tips Official,56300000,30741513673,4102,Music,2007
32,Marshmello,56100000,14014958483,405,Entertainment,2015
33,Wave Music,55700000,38819471815,18970,Music,2014
34,Sony Music India,55400000,27179277627,3380,Music,2009
35,Aaj Tak,55300000,22725789132,233730,News & Politics,2009
36,EminemMusic,55000000,25334375101,140,Music,2007
37,El Reino Infantil,55000000,53458257145,1410,Music,2011
38,Ed Sheeran,52800000,29004663326,258,Music,2006
39,LooLoo Kids - Nursery Rhymes and Children's Songs,52300000,30857986532,607,Music,2014
40,Ariana Grande,52200000,23058776245,146,Music,2007
41,YRF,51000000,32068851747,3475,Film & Animation,2006
42,Taylor Swift,50700000,27714189976,204,Music,2006
43,BillionSurpriseToys - English Kids Songs & Cartoon,49700000,8662901485,637,Education,2013
44,Infobells - Hindi,48400000,27621598218,514,Education,2014
45,Billie Eilish,47300000,12810775364,51,Music,2013
46,JuegaGerman,47000000,14143277535,2017,Gaming,2013
47,Badabun,46300000,19053487396,16726,Entertainment,2014
48,Fernanfloo,45600000,10146422791,542,Gaming,2011
49,Bad Bunny,45100000,28114460507,127,Music,2014
50,Felipe Neto,44800000,16043230315,3977,Entertainment,2006
51,SonyMusicIndiaVEVO,44800000,25915043211,3366,Music,2009
52,BRIGHT SIDE,44300000,10430931571,5173,Howto & Style,2017
53,Get Movies,44200000,29251998725,3160,Entertainment,2006
54,Você Sabia?,44100000,7597909400,1444,Entertainment,2013
55,whinderssonnunes,44000000,4179250874,524,Comedy,2013
56,Shemaroo,44000000,22419193201,10697,Entertainment,2007
57,A4,43900000,19946220349,709,Gaming,2014
58,Katy Perry,43800000,24676643547,120,Music,2008
59,HolaSoyGerman.,43400000,4782790153,136,Entertainment,2011
60,Alan Walker,42800000,12266013874,364,Music,2012
61,Voot Kids,42300000,19620244169,3923,Entertainment,2016
62,Like Nastya Show,42100000,19124111758,606,Entertainment,2017
63,ABS-CBN Entertainment,42100000,48815821642,185775,People & Blogs,2008
64,Speed Records,41800000,25752372644,10608,Music,2012
65,Rihanna,40900000,21169959746,82,Entertainment,2005
66,Маша и Медведь,40900000,34577807066,1281,Film & Animation,2011
67,Little Baby Bum - Nursery Rhymes & Kids Songs,40600000,38573516896,2245,Education,2011
68,elrubiusOMG,40400000,7581423100,711,Gaming,2011
69,Shakira,40100000,25428049775,307,People & Blogs,2005
70,Luisito Comunica,39800000,8160328364,1194,Comedy,2012
71,Ishtar Music,39500000,16198667693,4582,Trailers,2005
72,Kimberly Loaiza,39500000,4939734902,250,People & Blogs,2016
73,LUCCAS NETO - LUCCAS TOON,38700000,21415852275,1985,People & Blogs,2014
74,ARY Digital HD,38600000,32383019054,88409,Entertainment,2016
75,Masha and The Bear,38500000,21850302761,1035,Shows,2014
76,XXXTENTACION,38400000,10134205288,129,Music,2015
77,GR6 EXPLODE,38400000,24701070352,4134,Music,2014
78,Toys and Colors,38400000,44190624959,905,Entertainment,2016
79,TheEllenShow,38300000,22535632362,14993,Entertainment,2006
80,WorkpointOfficial,38100000,36234268240,69696,Entertainment,2012
81,One Direction,37800000,13125170526,157,Music,2010
82,CarryMinati,37600000,3110725449,180,Comedy,2014
83,Daddy Yankee,37500000,21667615457,471,Music,2011
84,shfa2 - شفا,37400000,22249785330,1468,People & Blogs,2017
85,Super Simple Songs - Kids Songs,37400000,40905820903,647,Education,2006
86,TEDx Talks,37300000,7025367828,191506,Nonprofits & Activism,2009
87,shfa,37000000,20196597873,920,People & Blogs,2015
88,Jkk Entertainment,36700000,15892449076,207,Comedy,2017
89,HAR PAL GEO,36700000,32307389493,80499,Entertainment,2008
90,Mikecrack,36600000,14997302673,1811,Gaming,2015
91,Maroon 5,36400000,21651521761,163,Music,2006
92,News,36300000,,,https://us.youtubers.me/global/all/top-1000-most_subscribed-youtube-channels,2013
93,Goldmines Gaane Sune Ansune,36300000,15500577270,3406,Music,2015
94,Bruno Mars,36100000,18369812498,99,Music,2006
95,ช่อง one31,36000000,26380324996,104458,Entertainment,2013
96,Like Nastya ESP,35900000,17250777103,691,Entertainment,2017
97,Ozuna,35800000,22255148830,162,Music,2016
98,Maria Clara & JP,35500000,22536784457,693,People & Blogs,2015
99,Sony PAL,35300000,25906208404,21627,Shows,2014
100,YouTube,35200000,2980922779,620,News & Politics,1970
101,Ultra Bollywood,35200000,16071519784,9424,Trailers,2009
102,ABP NEWS,35100000,11605665353,253628,People & Blogs,2012
103,Total Gaming,34300000,5297672072,1137,Gaming,2018
104,Markiplier,34300000,19491886710,5392,Gaming,2012
105,Ryan's World,34200000,53646314889,2294,Entertainment,2015
106,J Balvin,33900000,22257560882,134,Music,2011
107,Vlad và Niki,33900000,21008932630,457,https://us.youtubers.me/global/all/top-1000-most_subscribed-youtube-channels,2018
108,Geet MP3,33700000,12205382034,614,Music,2016
109,Desi Music Factory,33600000,9909079287,129,Music,2014
110,IndiaTV,33600000,14728724777,254217,News & Politics,2006
111,T-Series Apna Punjab,33600000,20004653117,7169,Music,2011
112,La Granja de Zenón,33600000,24784972963,604,Music,2013
113,VEGETTA777,33600000,15182606203,7322,Gaming,2008
114,SSSniperWolf,33200000,22265406473,3200,Gaming,2013
115,NoCopyrightSounds,33100000,10843342435,1205,Music,2011
116,KHANDESHI MOVIES,33000000,11114815843,203,Comedy,2013
117,Bollywood Classics,32800000,20441345965,1959,Music,2012
118,PowerKids TV,32800000,16678003928,3818,Film & Animation,2014
119,Ch3Thailand,32500000,20928776913,73637,Entertainment,2014
120,Galinha Pintadinha,32300000,24453480427,65,Film & Animation,2006
121,Selena Gomez,32200000,12212768270,188,Film & Animation,2008
122,Eros Now Music,32000000,17279122597,9863,Entertainment,2007
123,Saregama Music,32000000,13568878190,6652,Entertainment,2013
124,Rajshri,31900000,13965458068,3761,Music,2006
125,GENIAL,31700000,6578128540,5957,Howto & Style,2017
126,CVS 3D Rhymes & Kids Songs,31700000,19319626738,338,Education,2008
127,JustinBieberVEVO,31700000,25955745056,204,Music,2009
128,Mr Bean,31500000,10219405165,2847,Shows,2006
129,rezendeevil,31500000,12837585247,11757,Gaming,2012
130,SMTOWN,31400000,26267502068,4059,Music,2006
131,DisneyMusicVEVO,31400000,26620144607,1922,Music,2010
132,BabyBus - Kids Songs and Cartoons,31300000,25291836510,1953,Education,2016
133,Dream,31300000,2836785859,112,Gaming,2014
134,Techno Gamerz,31200000,8412805750,896,Gaming,2017
135,Luis Fonsi,31200000,14805801427,137,Entertainment,2014
136,Genevieve's Playhouse - Learning Videos for Kids,31100000,22122295687,590,Education,2016
137,Ricis Official,30800000,5641597942,2335,People & Blogs,2016
138,MrBeast Gaming,30800000,5426458352,138,Gaming,2020
139,The Weeknd,30800000,21097791955,130,Music,2011
140,Jingle Toons,30700000,10348265538,233,Film & Animation,2013
141,The Tonight Show Starring Jimmy Fallon,30600000,16697658353,8467,Comedy,2006
142,Trap Nation,30500000,13769164702,2601,Music,2012
143,Worldwide Records Bhojpuri,30300000,15543812678,6208,Music,2012
144,AH,30100000,4140958197,1981,Entertainment,2014
145,Peppa Pig - Official Channel,30000000,21914217722,2575,Film & Animation,2013
146,Boram Tube Vlog [보람튜브 브이로그],29900000,13320447980,223,Entertainment,2012
147,Wow Kidz,29900000,15906054081,3825,Film & Animation,2015
148,Spinnin' Records,29900000,20651821146,11048,Music,2007
149,ImagineDragons,29800000,15573184914,87,Music,2009
150,MR. INDIAN HACKER,29800000,5170819584,874,Science & Technology,2012
151,Shawn Mendes,29800000,12272383543,132,Music,2011
152,DONA 도나,29700000,19514803427,163,Entertainment,2018
153,GMANetwork,29600000,27835242571,125735,Entertainment,2006
154,Adele,29500000,13365050446,15,Music,2008
155,Popular on YouTube,29300000,,,https://us.youtubers.me/global/all/top-1000-most_subscribed-youtube-channels,2013
156,قناة طيور الجنة | toyoraljanahtv,29200000,26743403629,3175,Entertainment,2008
157,AuronPlay,29200000,4021381165,404,Comedy,2006
158,Little Angel: Nursery Rhymes & Kids Songs,29200000,21402553443,1213,Education,2015
159,Talking Tom,29100000,14517628994,469,Comedy,2010
160,Ultra Records,29100000,16694586833,4750,Music,2006
161,Maluma,29000000,20398752778,21,Music,2018
162,Round2hell,29000000,2955667345,66,Comedy,2016
163,ashish chanchlani vines,29000000,4207027768,147,Comedy,2009
164,jacksepticeye,29000000,15857360480,5046,Gaming,2007
165,KAROL G,28900000,15671695419,124,Music,2013
166,Zee News,28700000,14547067456,160005,News & Politics,2007
167,व्लाद और निकिता,28700000,17107973877,478,https://us.youtubers.me/global/all/top-1000-most_subscribed-youtube-channels,2018
168,Lucas and Marcus,28600000,9575572393,1076,Entertainment,2011
169,TheDonato,28400000,5588992559,2755,Entertainment,2015
170,The Late Late Show with James Corden,28000000,10200658256,5695,Entertainment,2006
171,AboFlah,27700000,3963824628,593,Gaming,2016
172,infobells - Tamil,27600000,17027319292,495,Education,2014
173,Drake,27500000,14112271569,59,Music,2009
174,Aditya Music,27400000,24229379040,20757,Music,2008
175,Bounce Patrol - Kids Songs,27300000,19996346479,229,Music,2013
176,Michael Jackson,27100000,13475088420,15,Music,2005
177,Wiz Khalifa,27000000,12956392794,623,Music,2008
178,Sandeep Maheshwari,26900000,2166469190,562,People & Blogs,2012
179,infobells - Telugu,26900000,13913156831,449,Education,2014
180,A.O.D,26900000,15715787972,2474,Entertainment,2014
181,enchufetv,26600000,10223966037,1056,Comedy,2011
182,toycantando,26500000,14667362261,531,Music,2009
183,Aditya Movies,26400000,8932231692,4719,Movies,2012
184,JYP Entertainment,26300000,18505316594,1599,Music,2008
185,DanTDM,26300000,18960251968,3638,Gaming,2012
186,Nick Jr.,26300000,21511413683,5079,Film & Animation,2012
187,Goldmines Dishoom,26300000,7870463275,3364,Film & Animation,2016
188,WORLDSTARHIPHOP,26200000,19899129709,6708,Music,2008
189,Renato Garcia YT,26200000,7380286067,3625,Entertainment,2011
190,Jess No Limit,25900000,3225286925,2009,Entertainment,2017
191,Masha y el Oso,25900000,12088612689,936,Film & Animation,2016
192,BB Ki Vines,25800000,4551592957,188,Entertainment,2015
193,VanossGaming,25800000,15227182993,1668,Gaming,2011
194,1MILLION Dance Studio,25800000,7639482143,4876,Entertainment,2015
195,Netflix,25700000,6483549335,6144,Entertainment,2012
196,Shemaroo Movies,25700000,6694749616,2666,Entertainment,2011
197,TaylorSwiftVEVO,25700000,24334160208,261,Music,2009
198,LosPolinesios,25600000,7284096508,941,People & Blogs,2012
199,Crazy XYZ,25500000,6909579235,1183,Entertainment,2017
200,Raffy Tulfo in Action,25500000,14090642521,9363,News & Politics,2016
201,Beyoncé,25500000,16545952051,234,Music,2005
202,Marília Mendonça,25500000,17583869743,120,Music,2013
203,Enaldinho,25500000,9600028596,3275,Comedy,2012
204,RihannaVEVO,25200000,18711981509,118,Music,2009
205,StarPlus,25200000,18007460762,26205,Entertainment,2006
206,Nicki Minaj,25100000,9814393443,39,Music,2013
207,Las Ratitas,25000000,9416242649,221,People & Blogs,2015
208,Smosh,25000000,10274551358,1459,Comedy,2005
209,David Guetta,25000000,16789646111,702,Music,2009
210,HUM TV,24900000,20138982531,85520,Entertainment,2011
211,WatchMojo.com,24900000,16036594903,23571,Music,2007
212,ZHC,24900000,2432186480,305,Film & Animation,2013
213,Yuya,24900000,2586211373,672,Howto & Style,2009
214,EminemVEVO,24800000,19618787988,104,Music,2009
215,Post Malone,24800000,13400799639,64,Music,2011
216,KatyPerryVEVO,24700000,23193121362,173,Music,2009
217,Rans Entertainment,24700000,6067761738,3371,People & Blogs,2015
218,Chris Brown,24500000,14634573956,23,Music,2006
219,Brent Rivera,24500000,5659381804,516,Comedy,2009
220,Super JoJo - Nursery Rhymes & Kids Songs,24400000,1459730,8,https://us.youtubers.me/global/all/top-1000-most_subscribed-youtube-channels,2019
221,D Billions,24400000,27800456761,590,https://us.youtubers.me/global/all/top-1000-most_subscribed-youtube-channels,2019
222,Coldplay,24400000,16151404605,364,Music,2010
223,Goldmines Bollywood,24400000,7881575502,3097,Film & Animation,2015
224,1theK (원더케이),24400000,23263234592,17735,Music,2011
225,TRANS7 OFFICIAL,24300000,13336947331,83527,Entertainment,2014
226,Chloe Ting,24300000,2855477471,386,Howto & Style,2011
227,Amit Bhadana,24300000,2318923728,97,Entertainment,2012
228,★ Kids Roma Show,24100000,8539357204,613,People & Blogs,2015
229,Collins Key,24000000,6514271600,254,Entertainment,2011
230,KSI,24000000,5957939168,1248,Entertainment,2009
231,DJ Snake,23900000,8039306948,217,Music,2008
232,ABPLIVE,23900000,7231058050,162144,People & Blogs,2017
233,Ninja,23800000,2487798349,1525,Gaming,2011
234,The Lallantop,23800000,9069403398,44355,News & Politics,2015
235,James Charles,23800000,3801089461,444,Entertainment,2015
236,WB Kids,23700000,10175012401,1871,People & Blogs,2015
237,Anuel AA,23600000,13022229032,135,Music,2016
238,Logan Paul,23600000,5941251199,714,Entertainment,2015
239,netd müzik,23500000,53386751228,21930,Music,2014
240,Frost Diamond,23500000,5920064550,2421,Gaming,2014
241,Like Nastya AE,23400000,11843614429,636,Entertainment,2018
242,Enrique Iglesias,23400000,16999907105,434,Music,2007
243,Happy Lives,23400000,10103932216,550,Science & Technology,2016
244,MrBeast en Español,23400000,2959484997,87,Entertainment,2021
245,NickyJamTV,23400000,15433153908,358,Music,2012
246,Mister Max,23400000,15188885182,1072,People & Blogs,2014
247,Troom Troom,23400000,10001222206,2120,Howto & Style,2015
248,Mark Rober,23300000,3214411985,108,Science & Technology,2011
249,Erlania e Valentina Pontes,23200000,7740625371,1234,Film & Animation,2014
250,Miss Katy,23200000,14256869917,1016,People & Blogs,2014
251,Jelly,23200000,14485790472,5861,Gaming,2014
252,Indosiar,23100000,11795485473,64565,Music,2013
253,America's Got Talent,23100000,4634400513,2960,Entertainment,2006
254,Sesame Street,23100000,21710473619,3542,Entertainment,2006
255,Diana and Roma ARA,23000000,10504290129,544,https://us.youtubers.me/global/all/top-1000-most_subscribed-youtube-channels,2019
256,Venus Movies,22900000,6648113808,2499,Entertainment,2010
257,YOLO AVENTURAS,22800000,6140529899,1225,People & Blogs,2018
258,Pen Movies,22800000,6123652788,1646,Film & Animation,2014
259,Technical Guruji,22800000,3240574005,4812,Science & Technology,2015
260,Goldmines Movies,22800000,5166413550,4432,Film & Animation,2013
261,Peppa Pig Español Latino - Canal Oficial,22700000,7495214886,1118,Film & Animation,2014
262,FaZe Rug,22700000,6749344707,2077,Gaming,2012
263,DrossRotzank,22700000,5868977921,1545,Entertainment,2006
264,Zhong,22700000,13648354447,1283,Entertainment,2015
265,Lady Gaga,22600000,14745436214,172,People & Blogs,2008
266,GMM GRAMMY OFFICIAL,22600000,24839063221,14488,Music,2010
267,Preston,22600000,7505683763,3927,Gaming,2012
268,LankyBox,22600000,30317640439,6984,Comedy,2016
269,White Hill Music,22400000,10303170016,5300,Entertainment,2014
270,The Chainsmokers,22400000,13744471188,160,Music,2012
271,Smile Family,22400000,8499075726,451,People & Blogs,2018
272,TED,22400000,2457759405,4181,People & Blogs,2006
273,Juan De Dios Pantoja,22400000,1835511828,196,Entertainment,2014
274,mmoshaya,22300000,16972853327,1164,People & Blogs,2010
275,Wave Music Bhojpuri,22300000,12530155484,21963,Music,2014
276,Paulo Londra,22200000,7577333000,58,Music,2016
277,Sia,22200000,12789115698,168,Music,2007
278,BabyBus - Canciones Infantiles & Videos para Niños,22100000,12546008350,1087,Education,2018
279,Diana and Roma EN,22100000,6044449696,464,People & Blogs,2011
280,OneDirectionVEVO,21900000,11830132973,266,Music,2010
281,Like Nastya PRT,21900000,10979800678,589,Entertainment,2019
282,SSundee,21700000,12843659340,3194,Gaming,2009
283,Charlie Puth,21600000,9279930391,146,Music,2009
284,Ultra Movie Parlour,21600000,5274337335,1475,Movies,2011
285,Goldmines Cineplex,21500000,2098934903,2932,Film & Animation,2015
286,FGTeeV,21500000,23294730097,1661,Gaming,2013
287,Maya and Mary,21400000,6488980036,546,Entertainment,2013
288,Dua Lipa,21400000,10584082649,164,Music,2011
289,Dushyant kukreja,21400000,14105493980,735,Entertainment,2015
290,Beast Reacts,21300000,3212940190,230,People & Blogs,2016
291,Alan Becker,21200000,4743371214,135,Film & Animation,2006
292,Kids TV - Nursery Rhymes And Baby Songs,21200000,12481540293,3608,Shows,2013
293,NichLmao,21100000,11361253531,720,People & Blogs,2018
294,nigahiga,21100000,4370083736,403,Entertainment,2006
295,Vlad and Niki Arabic,21100000,9910020745,471,https://us.youtubers.me/global/all/top-1000-most_subscribed-youtube-channels,2018
296,National Geographic,21100000,5429440644,10013,Science & Technology,2006
297,Disney Latinoamérica,21000000,19851368612,7956,Entertainment,2007
298,Tasty,21000000,5614408524,4461,Howto & Style,2016
299,toyorbabytv,21000000,14935005348,1092,Music,2012
300,Rotana,20900000,17847780290,8240,Music,2012
301,Becky G,20800000,10028384275,73,Music,2011
302,5-Minute Crafts DIY,20800000,4997658141,4478,Howto & Style,2018
303,Baim Paula,20800000,4345134335,2065,People & Blogs,2016
304,Sun TV,20700000,17384448140,45220,People & Blogs,2016
305,Kinder Spielzeug Kanal,20700000,10240499274,842,Entertainment,2015
306,Canal Canalha,20700000,1858850667,298,Comedy,2011
307,Tlnovelas,20600000,13931461109,34189,News & Politics,2013
308,Netflix India,20600000,6630097487,3126,People & Blogs,2016
309,Tekashi 6ix9ine,20600000,5505799443,25,People & Blogs,2018
310,Brave Wilderness,20600000,4798091763,966,Pets & Animals,2014
311,Vania Mania Kids,20500000,8599968109,906,People & Blogs,2015
312,Family GamesTV,20400000,7157996223,301,Entertainment,2016
313,Lyrical Lemonade,20400000,10103545946,413,Entertainment,2013
314,Dr. Vivek Bindra: Motivational Speaker,20400000,1597414298,782,Education,2013
315,Avicii,20400000,9857717474,149,Music,2009
316,Junya.じゅんや,20300000,12067861694,4001,Entertainment,2020
317,GMA Public Affairs,20300000,12775779195,41546,Entertainment,2009
318,BETER BÖCÜK,20300000,11558534734,1772,https://us.youtubers.me/global/all/top-1000-most_subscribed-youtube-channels,2012
319,Eva Bravo Play,20300000,8634660945,202,Entertainment,2019
320,LazarBeam,20300000,8589202733,1318,Gaming,2015
321,Jake Paul,20300000,7265786652,950,People & Blogs,2013
322,BuzzFeedVideo,20200000,17844881541,7477,People & Blogs,2011
323,Romeo Santos,20200000,16053917113,53,Music,2005
324,Alejo Igoa,20200000,8466520358,754,Comedy,2014
325,invictor,20200000,7815657879,2177,Gaming,2013
326,SlivkiShow,20200000,4530671605,446,Entertainment,2012
327,Totoy kids - Português,20200000,4196825167,240,Film & Animation,2014
328,5-Minute Crafts PLAY,20100000,5916449403,4934,Howto & Style,2017
329,AuthenticGames,20100000,8887964445,4799,Gaming,2011
330,Gulshan Kalra,20100000,9709536467,457,Howto & Style,2018
331,Mnet K-POP,20100000,13922559602,30622,Entertainment,2006
332,mujjuu___14,20000000,12720012557,730,People & Blogs,2020
333,Pencilmation,20000000,11094654170,1303,Film & Animation,2007
334,Skrillex,20000000,6438877934,191,Music,2010
335,Pentatonix,20000000,5939617823,253,Music,2011
336,Marvel Entertainment,20000000,5423946266,8257,Entertainment,2005
337,Infinite,20000000,4721367276,1563,Entertainment,2014
338,Vevo,20000000,554309174,1539,Music,2006
339,REACT,20000000,13034733249,4042,Entertainment,2007
340,HaerteTest,19900000,3184409704,1299,Science & Technology,2011
341,Kurzgesagt – In a Nutshell,19900000,2202583880,171,Education,2013
342,Got Talent Global,19900000,3575349122,2020,Entertainment,2013
343,Fatos Desconhecidos,19900000,3492581724,5703,Entertainment,2013
344,Khan GS Research Centre,19800000,1894638004,353,Education,2019
345,Noor Stars,19800000,2638222649,654,Comedy,2014
346,Dan Rhodes,19800000,14121021396,1541,Entertainment,2015
347,Tilak,19800000,7980058405,4929,Film & Animation,2020
348,The Royalty Family,19800000,5365814568,681,People & Blogs,2017
349,Deddy Corbuzier,19800000,4479493326,1229,Entertainment,2009
350,JennaMarbles,19800000,1784776380,250,Comedy,2010
351,Linkin Park,19700000,12435259143,593,Music,2006
352,Gusttavo Lima Oficial,19700000,12914685124,349,Music,2010
353,NBA,19700000,11509656903,44327,Sports,2005
354,Ninja Kidz TV,19700000,10043931480,279,Entertainment,2017
355,Robin Hood Gamer,19700000,9955629684,3889,Entertainment,2014
356,Gordon Ramsay,19700000,3746499230,1393,Entertainment,2006
357,Daniel LaBelle,19600000,10335248598,259,Comedy,2009
358,Minecraft - Topic,19500000,,,https://us.youtubers.me/global/all/top-1000-most_subscribed-youtube-channels,2013
359,Village Cooking Channel,19500000,5091483300,219,Howto & Style,2018
360,BabyBus - Cerita & Lagu Anak-anak,19400000,11153601710,744,Education,2019
361,Troom Troom Es,19400000,7282536298,2715,People & Blogs,2016
362,shane,19400000,4299052383,569,People & Blogs,2005
363,Green Gold TV - Official Channel,19300000,9348596042,1159,Film & Animation,2011
364,Clash of Clans,19300000,3776148455,621,Gaming,2013
365,AS Gaming,19300000,2709808489,1149,Gaming,2016
366,JukiLop,19300000,1561914983,85,People & Blogs,2017
367,Sourav Joshi Vlogs,19200000,7641524111,1205,People & Blogs,2019
368,Rafa & Luiz,19200000,7026825607,2519,Entertainment,2015
369,DLS News,19200000,2103047927,4182,News & Politics,2017
370,TRT Originals Urdu,19200000,8094731450,881,Entertainment,2020
371,CookieSwirlC,19100000,22112969982,3660,Entertainment,2013
372,हिंदी - Genevieve's Playhouse,19100000,10298145297,100,Education,2018
373,Vlad and Niki IDN,19100000,9000927897,444,https://us.youtubers.me/global/all/top-1000-most_subscribed-youtube-channels,2018
374,Britain's Got Talent,19100000,10861607676,3882,Entertainment,2008
375,Jimmy Kimmel Live,19000000,12813467160,6355,Entertainment,2006
376,MiawAug,19000000,5636137133,3488,Gaming,2014
377,Crafty Panda,19000000,5746273984,689,People & Blogs,2017
378,Official Pink Panther,18900000,10387951650,673,Film & Animation,2013
379,SCTV,18900000,9298810737,49523,Entertainment,2011
380,Lil Nas X,18900000,6017123758,37,Music,2018
381,DUDU e CAROL,18900000,7666147546,2908,Autos & Vehicles,2013
382,Sonotek,18900000,7381208895,8222,Entertainment,2011
383,Sidhu Moose Wala,18700000,5223654445,112,Music,2017
384,Calvin Harris,18700000,15404239913,76,Music,2007
385,Cardi B,18700000,7357083297,60,People & Blogs,2016
386,ElTrollino,18700000,5821736442,1539,Entertainment,2013
387,TheOdd1sOut,18700000,4323487943,129,Comedy,2014
388,Emiway Bantai,18700000,3241027636,213,Music,2013
389,HiMan,18600000,2625744578,352,People & Blogs,2014
390,Vijay Television,18600000,23853253686,37729,Entertainment,2007
391,Kiddiestv Hindi - Nursery Rhymes & Kids Songs,18600000,6734367221,206,Education,2017
392,Мирошка ТВ,18600000,4794323084,97,Education,2018
393,Stokes Twins,18600000,3637385950,236,People & Blogs,2008
394,KBS WORLD TV,18600000,14504815566,61206,Entertainment,2007
395,FIFA,18600000,5071198262,10412,Sports,2006
396,The ACE Family,18600000,4537971345,705,People & Blogs,2016
397,Turma da Mônica,18500000,13525916236,1134,Film & Animation,2012
398,etvteluguindia,18500000,21334941386,118601,Entertainment,2010
399,CKN,18500000,11925825823,473,Entertainment,2015
400,shakiraVEVO,18400000,23689186601,191,Music,2009
401,Shorts Break,18400000,12771152207,351,Comedy,2021
402,Farruko,18400000,9020045767,204,Music,2009
403,TheWillyrex,18400000,6977925438,6819,Comedy,2011
404,Познаватель,18300000,9107660642,499,Entertainment,2014
405,Little Angel Español - Canciones Infantiles,18300000,8959749076,639,Education,2018
406,Dan-Sa / Daniel Saboya,18300000,6328088383,2378,Music,2007
407,PDK Films,18300000,4002276841,110,Entertainment,2009
408,Vsauce,18300000,2527403149,414,Science & Technology,2007
409,Bizarrap,18200000,6197013583,81,Comedy,2017
410,MrBeast 2,18200000,2704243391,107,People & Blogs,2020
411,7clouds,18200000,13041283902,2187,Music,2013
412,Unbox Therapy,18200000,4413653121,2096,Science & Technology,2010
413,INCRÍVEL,18200000,3120813439,6192,People & Blogs,2017
414,That Little Puff,18100000,15908801249,648,Pets & Animals,2020
415,GEN HALILINTAR,18100000,3225823404,999,Entertainment,2015
416,Sony AATH,18100000,12395713325,16520,Shows,2013
417,SOMOY TV,18100000,10663606796,122409,News & Politics,2015
418,Good Mythical Morning,18100000,8423256648,3123,Entertainment,2008
419,Ali-A,18100000,5876845993,4009,Gaming,2006
420,TED-Ed,18100000,3461555664,2006,Education,2011
421,Naisa Alifia Yuriza (N.A.Y),18100000,2721117176,1511,People & Blogs,2017
422,Like Nastya Vlog,18100000,7829592220,445,People & Blogs,2016
423,Marmok,18100000,3282682574,356,Gaming,2008
424,RsiamMusic : อาร์สยาม,18000000,11236193123,2775,Music,2011
425,Masha e o Urso,18000000,7708404844,952,Shows,2016
426,David Dobrik,18000000,7133819223,536,People & Blogs,2014
427,RKD Studios,18000000,4830469564,721,Entertainment,2014
428,Zach Choi ASMR,18000000,3879359888,742,People & Blogs,2014
429,SUPER SLICK SLIME SAM,18000000,6536886700,817,Howto & Style,2018
430,GRAMMY GOLD OFFICIAL,17900000,19096510006,5960,Music,2014
431,Demi Lovato,17900000,6692528239,302,Music,2008
432,Vlad and Niki ESP,17900000,6840934495,461,https://us.youtubers.me/global/all/top-1000-most_subscribed-youtube-channels,2018
433,YOLO,17800000,1045473522,181,Comedy,2015
434,Lele Pons,17800000,5064880709,190,Comedy,2015
435,ArianaGrandeVevo,17800000,19536373590,177,Music,2010
436,Mother Goose Club Playhouse,17800000,15855344146,1355,Shows,2009
437,officialpsy,17800000,10278257112,123,Music,2010
438,Sebastián Yatra,17800000,9896953778,223,News & Politics,2013
439,TheGrefg,17800000,6224159661,3423,Gaming,2012
440,Lil Pump,17800000,4151057085,60,Music,2015
441,LIV Crime,17700000,9087666286,6847,People & Blogs,2020
442,Dhar Mann,17700000,10106144506,780,People & Blogs,2018
443,SQUEEZIE,17700000,9615343524,1496,Gaming,2011
444,RobleisIUTU,17600000,4945831582,1209,Entertainment,2013
445,Sidemen,17600000,4757429214,288,Entertainment,2015
446,شبكة العاب العرب | Arab Games Network,17600000,8214755372,5854,Gaming,2013
447,Porta dos Fundos,17600000,7507770910,2084,Entertainment,2012
448,unknown boy varun,17600000,6711838849,306,Music,2016
449,Goldmines Great Indian Comedy,17600000,4718631830,2240,Film & Animation,2016
450,JFlaMusic,17600000,3740227273,313,Music,2011
451,FactTechz,17600000,2174714518,629,Entertainment,2016
452,Alan Chikin Chow,17500000,18751898909,665,Comedy,2020
453,Dangal TV Channel,17500000,10634149767,13585,Entertainment,2017
454,Shemaroo Comedy,17500000,5521857617,3909,Entertainment,2007
455,Triggered Insaan,17500000,2890143198,279,Comedy,2014
456,Fede Vigevani,17500000,5618139731,938,Howto & Style,2009
457,Stubborn Facts,17400000,882443900,256,Film & Animation,2016
458,Smile Family Spanish,17400000,6613190306,391,https://us.youtubers.me/global/all/top-1000-most_subscribed-youtube-channels,2019
459,Manual do Mundo,17400000,3695346065,2266,Howto & Style,2006
460,Jane ASMR 제인,17300000,6926201406,1719,https://us.youtubers.me/global/all/top-1000-most_subscribed-youtube-channels,2012
461,李子柒 Liziqi,17300000,2885085503,128,Howto & Style,2017
462,PopularMMOs,17200000,14524539590,4685,Gaming,2012
463,SonyMusicSouthVEVO,17200000,16475440230,5392,Music,2014
464,IGN,17200000,15298075378,152548,Gaming,2006
465,الـريماس - Al-Remas,17200000,10987905421,2106,Music,2013
466,Jason Derulo,17200000,9153296657,496,Music,2008
467,Zuni and Family,17200000,6384571384,190,People & Blogs,2017
468,Liza Koshy,17200000,2607019595,189,Comedy,2013
469,Willyrex,17100000,4910825286,7169,Gaming,2009
470,Blippi - Educational Videos for Kids,17100000,13959924964,559,Education,2014
471,HowToBasic,17100000,3617767355,568,Howto & Style,2011
472,Akshay Nagwadiya,17000000,5989666543,421,Entertainment,2017
473,LuisFonsiVEVO,17000000,14253357504,96,Music,2009
474,Gaby and Alex,17000000,8040940941,353,Entertainment,2012
475,zbing z.,17000000,8750698468,2944,Gaming,2014
476,Anitta,17000000,6999595709,112,Music,2011
477,EeOneGuy,17000000,3816302459,366,Entertainment,2013
478,Katie Angel,17000000,3442581311,828,People & Blogs,2015
479,tanboy kun,17000000,3346610028,659,People & Blogs,2016
480,Ben Azelart,16900000,3253691948,267,Film & Animation,2014
481,Guava Juice,16900000,8960360548,1849,Gaming,2006
482,Busy Fun Ltd,16900000,6712353097,176,https://us.youtubers.me/global/all/top-1000-most_subscribed-youtube-channels,2019
483,Doggy Doggy Cartoons,16800000,6498360254,4723,Entertainment,2012
484,Azhan5star,16800000,8351014001,507,Entertainment,2021
485,News24,16800000,7205305527,186542,News & Politics,2014
486,TheBrianMaps,16800000,4249047639,487,Comedy,2012
487,Apple,16800000,942922750,205,Science & Technology,2005
488,SMOL,16800000,18006604541,2813,People & Blogs,2021
489,MissaSinfonia,16800000,2103205523,231,Comedy,2011
490,Jason Vlogs,16700000,8294504544,712,Education,2015
491,TRANS TV Official,16700000,9293500431,136669,Entertainment,2014
492,And TV,16700000,13143495790,28646,Entertainment,2015
493,Les' Copaque Production,16700000,8363104683,1518,Film & Animation,2009
494,Wow Kidz Action,16700000,7351212171,1522,Film & Animation,2017
495,Miley Cyrus,16700000,6589244611,131,Entertainment,2009
496,Tu COSMOPOLIS,16700000,4984777868,7718,People & Blogs,2014
497,DeToxoMoroxo,16700000,2254760246,514,Entertainment,2012
498,Prajapati News,16700000,958355786,1242,Comedy,2013
499,Queen Official,16600000,10280190536,930,Music,2008
500,Like Nastya VNM,16600000,9054329371,517,Entertainment,2019
501,Spider Slack,16600000,9948034173,677,Comedy,2020
502,El Reino a Jugar,16600000,10834472832,923,Education,2015
503,Marques Brownlee,16600000,3320565650,1505,Science & Technology,2008
504,Werever2morro,16600000,2788971456,973,Entertainment,2007
505,Tsuriki Show,16600000,24308798996,2158,Entertainment,2019
506,The Game Theorists,16500000,3707682281,683,Gaming,2009
507,AMARINTV : อมรินทร์ทีวี,16500000,11868564808,102057,Entertainment,2014
508,VICE,16500000,4417232834,3786,Entertainment,2005
509,IDEAS EN 5 MINUTOS,16500000,3603087973,5070,Howto & Style,2017
510,Aayu and Pihu Show,16400000,8503559876,394,Comedy,2017
511,Travis Scott,16400000,7561196221,13,Music,2013
512,FailArmy,16300000,2474948866,381,Comedy,2011
513,Pop Chartbusters,16300000,8242919144,2184,Music,2011
514,ExtraPolinesios,16300000,4757748651,494,People & Blogs,2012
515,Kaykai Salaider,16300000,4356942977,410,Comedy,2011
516,Sandra Cires Art,16300000,3846664788,1071,Howto & Style,2011
517,W2S,16300000,4742756117,652,Gaming,2012
518,PANDA BOI,16300000,10742466800,798,Entertainment,2020
519,Ivana Alawi,16200000,1236540816,162,https://us.youtubers.me/global/all/top-1000-most_subscribed-youtube-channels,2018
520,JJ Olatunji,16200000,3918358139,1243,Gaming,2011
521,Sagawa /さがわ,16200000,13685363296,4602,Entertainment,2021
522,Little Mix,16200000,7286908606,278,Music,2011
523,Boyce Avenue,16200000,6406528293,449,Music,2007
524,Gato Galactico | GALÁXIA,16200000,6004959028,2376,Film & Animation,2013
525,Kids Play,16100000,7878433444,568,Entertainment,2018
526,Canal IN,16100000,2632505818,723,People & Blogs,2017
527,Pitbull,16100000,11967155018,329,Music,2006
528,With Kids[위드키즈],16100000,8485722090,868,Entertainment,2012
529,FunFun Toy Doll TV,16100000,7196345505,716,Entertainment,2016
530,Camila Cabello,16100000,6348729079,80,Music,2015
531,Matt Stonie,16100000,3417845312,419,Entertainment,2012
532,Antrax,16100000,2996209632,675,Gaming,2015
533,Like Nastya IDN,16000000,6888875020,487,Entertainment,2019
534,RCTI - LAYAR DRAMA INDONESIA,16000000,12747937025,64854,Entertainment,2015
535,Jennifer Lopez,16000000,9858663362,234,Music,2005
536,AdMe,15900000,4252623917,5862,Entertainment,2015
537,jeffreestar,15900000,2592651786,433,Howto & Style,2006
538,DopeLyrics,15900000,9894008410,1981,Music,2016
539,Enes Batur,15900000,9619633601,1986,Gaming,2012
540,El Payaso Plim Plim,15900000,14409863239,1103,Film & Animation,2013
541,SAM SMITH,15900000,9495750368,158,Music,2012
542,SriBalajiMovies,15800000,8671201657,17382,Entertainment,2011
543,Lahari Music | T-Series,15800000,11199713086,8490,Music,2011
544,wifistudy,15800000,2928896155,49021,Education,2014
545,FitDance,15800000,6854636069,4126,Music,2013
546,T3ddy,15700000,2765806267,1797,Comedy,2012
547,Technoblade,15700000,1570800772,989,Gaming,2013
548,Rotten Tomatoes Trailers,15700000,12949835683,9944,Film & Animation,2011
549,Ch7HD,15700000,8793190045,47605,Entertainment,2010
550,Dyland PROS,15700000,1389142126,2275,Entertainment,2015
551,Live,15700000,,,https://us.youtubers.me/global/all/top-1000-most_subscribed-youtube-channels,2015
552,Caeli YT,15600000,1510667954,551,Entertainment,2010
553,POPS Kids,15600000,9534315040,4607,Music,2014
554,GMMTV OFFICIAL​​,15600000,11557692368,21719,Entertainment,2010
555,NMF News,15600000,6782488106,102935,News & Politics,2013
556,Camilo,15600000,6432024424,118,Music,2010
557,BBC News Hindi,15600000,6342884945,18654,News & Politics,2009
558,News18 India,15600000,5860579687,150702,News & Politics,2007
559,MSA previously My Story Animated,15600000,6963014694,956,Film & Animation,2019
560,CoryxKenshin,15500000,6483995439,1674,Gaming,2009
561,LEGO,15500000,19694349295,29522,Entertainment,2005
562,Дима Масленников,15500000,2225693980,412,Entertainment,2014
563,Thairath Online,15400000,13366977081,225893,News & Politics,2010
564,La Rosa de Guadalupe,15400000,8901924388,6670,Entertainment,2015
565,Roman Atwood Vlogs,15400000,5462269239,1749,People & Blogs,2013
566,LOKESH GAMER,15400000,1592421777,1278,Gaming,2017
567,Kerajinan 5-Menit,15300000,4576518768,3781,People & Blogs,2018
568,MK MUSIC,15300000,8419062111,4854,Music,2010
569,Aphmau,15300000,15163928090,4184,Gaming,2012
570,Henrique e Juliano,15300000,13565040202,312,Music,2009
571,Volga Video,15300000,9504390823,19496,Film & Animation,2012
572,Super Senya,15300000,4983504473,489,Entertainment,2016
573,TWICE,15300000,4388859333,976,Music,2016
574,Zach King,15300000,2460524932,409,Entertainment,2013
575,IShowSpeed,15300000,1173340373,1217,Gaming,2016
576,5-Minute Crafts FAMILY,15300000,5866531040,3803,People & Blogs,2018
577,حِرف إبداعية في 5 دقائق,15300000,4334496018,4807,Howto & Style,2017
578,Musas,15200000,2376552971,612,Howto & Style,2012
579,Harsh Beniwal,15200000,1720782483,162,Comedy,2015
580,Oyuncak Avı,15200000,8244957082,625,Entertainment,2014
581,Bollywood Classics,15200000,6499358216,1265,Entertainment,2011
582,Talking Tom & Friends,15200000,6380721763,405,Entertainment,2010
583,Totoy kids - Español,15200000,5445559517,302,Film & Animation,2017
584,zayn,15200000,4721370622,14,Music,2016
585,Ranz Kyle,15100000,1726182121,508,People & Blogs,2008
586,Linus Tech Tips,15100000,6566938287,6048,Science & Technology,2008
587,Taarak Mehta Ka Ooltah Chashmah,15100000,9305643080,3506,Entertainment,2014
588,Marta and Rustam,15100000,16065818431,571,Comedy,2021
589,AdeleVEVO,15100000,11918454879,52,Music,2009
590,Ajay Sharma,15100000,10806573025,764,Entertainment,2012
591,Team Films Bhojpuri,15100000,6409533930,20099,Music,2014
592,Makiman131,15100000,4188172463,2987,Gaming,2013
593,TheRichest,15100000,2945021956,2286,Education,2014
594,League of Legends,15000000,6911362560,1324,Gaming,2009
595,NDTV India,15000000,6251404518,76615,News & Politics,2008
596,Arif muhammad,15000000,3717214603,480,People & Blogs,2017
597,Mariale,15000000,2670473667,2087,Howto & Style,2010
598,Niana Guerrero,15000000,1420188529,416,Entertainment,2013
599,Dave and Ava - Nursery Rhymes and Baby Songs,15000000,10218745464,779,Education,2014
600,Unspeakable,15000000,8230219714,713,Gaming,2016
601,НТВ,14900000,439098,1,People & Blogs,2008
602,BIGBANG,14900000,7577947855,776,Music,2005
603,Lyna,14900000,6168742287,4674,Gaming,2014
604,Zee Music Classic,14900000,5438012566,1292,Music,2014
605,Daftar Populer,14900000,2013468687,3336,Education,2017
606,Mobile Legends: Bang Bang Official,14900000,2994145139,3194,Gaming,2016
607,It's Mamix,14800000,1687036510,210,People & Blogs,2017
608,Vlad and Niki ARA,14800000,6904116984,456,https://us.youtubers.me/global/all/top-1000-most_subscribed-youtube-channels,2019
609,Kwebbelkop,14800000,6745121120,5094,Gaming,2008
610,Genierock,14800000,13968497628,1612,Music,2008
611,Zé Neto e Cristiano,14800000,10783179824,276,Music,2012
612,UFC - Ultimate Fighting Championship,14800000,6018053330,13234,Sports,2006
613,Lachlan,14800000,5132197532,3754,Gaming,2013
614,ERB,14800000,3967426418,86,Entertainment,2006
615,iTownGamePlay *Terror&Diversión*,14800000,4878915354,8034,Entertainment,2012
616,Reaction Time,14700000,4250594230,1691,Entertainment,2015
617,Fueled By Ramen,14700000,12979351082,1201,Music,2006
618,Major Lazer Official,14700000,9119867025,415,Music,2009
619,Jorge & Mateus Oficial,14700000,8531197930,315,Music,2008
620,Blippi Español,14700000,8365145978,502,People & Blogs,2017
621,How Ridiculous,14700000,7038864747,611,Sports,2009
622,Planeta das Gêmeas,14700000,4561478126,925,People & Blogs,2015
623,MattyBRaps,14700000,3433181614,188,Music,2010
624,The Slow Mo Guys,14700000,2419017151,306,Entertainment,2010
625,CollegeHumor,14600000,7417360246,4234,Comedy,2006
626,حقائق وأسرار,14600000,2205484273,1343,Entertainment,2016
627,IDEIAS INCRÍVEIS,14600000,3526599957,5055,Howto & Style,2017
628,Dear Sir,14600000,1142389053,538,Education,2016
629,XpressTV,14600000,3776846510,661,Entertainment,2014
630,LeoNata Family,14600000,20308004462,1767,People & Blogs,2021
631,CNN,14600000,13163310550,157647,News & Politics,2005
632,ABS-CBN News,14600000,9938076313,183459,News & Politics,2009
633,PlayStation,14600000,4489317917,18950,Gaming,2005
634,Lilly Singh,14600000,3489663353,920,Comedy,2010
635,Canal Nostalgia,14600000,1470903214,417,Entertainment,2008
636,les boys tv2,14600000,4527781812,441,Entertainment,2017
637,Maha Fun Tv,14600000,1229782720,44,Entertainment,2017
638,O Canal do Joãozinho - Little Angel Português,14600000,8198866613,706,Entertainment,2018
639,Kuplinov ► Play,14600000,6250633875,6485,Gaming,2012
640,Chad Wild Clay,14500000,6531194335,669,Comedy,2006
641,EdisonPts,14500000,6090258521,3571,Gaming,2013
642,Yoeslan,14500000,12218689931,404,Entertainment,2020
643,LEGENDA FUNK,14500000,1314916113,2389,Music,2013
644,Drawblogs,14500000,1712621922,400,Entertainment,2014
645,Fifth Harmony,14500000,7729323881,67,Music,2013
646,Martin Garrix,14500000,5781932607,342,Music,2011
647,Boram Tube ToysReview [보람튜브 토이리뷰],14500000,4970086311,591,People & Blogs,2016
648,Daily Dose Of Internet,14500000,4759610926,451,Entertainment,2015
649,Hongyu ASMR 홍유,14500000,4731422538,585,People & Blogs,2018
650,FC Barcelona,14500000,2392738126,10386,Sports,2006
651,Gyan Gamingㅤ,14500000,2170163026,2759,Gaming,2017
652,Maroon5VEVO,14500000,19451808105,143,Music,2009
653,SelenaGomezVEVO,14500000,10808395899,186,Music,2009
654,Jake Fellman,14400000,11093115317,425,Entertainment,2012
655,Hear This Music,14400000,8912503027,39,Music,2016
656,Kim Loaiza,14400000,1345839890,15,Music,2019
657,Super Polina,14400000,4769579782,544,People & Blogs,2014
658,A2 Motivation by Arvind Arora,14400000,5733132609,2061,Entertainment,2017
659,ช่อง8 : Thai Ch8,14400000,5638664089,24388,Entertainment,2011
660,DM - Desi Melodies,14400000,5388394805,55,Music,2017
661,Mohamed Ramadan I محمد رمضان,14400000,4967167049,601,People & Blogs,2014
662,Jordan Matter,14400000,4549054595,387,Entertainment,2006
663,Rclbeauty101,14400000,3882397491,462,Comedy,2010
664,Cyprien,14400000,3055947897,212,Comedy,2007
665,انصالة فاميلي I أنس و أصالة,14400000,3016401555,395,Entertainment,2017
666,Bispo Bruno Leonardo,14400000,2668391636,4175,Nonprofits & Activism,2016
667,CrashCourse,14400000,1766841770,1458,Education,2006
668,ГЛЕНТ,14300000,1298647040,272,People & Blogs,2019
669,Mazhavil Manorama,14300000,15032205882,78669,Entertainment,2011
670,50 Cent,14300000,9326000286,417,Music,2007
671,SIS vs BRO,14300000,6880342887,358,Entertainment,2016
672,Трум Трум,14300000,6593621634,2108,Howto & Style,2015
673,SRK MUSIC,14300000,5941101813,4971,Music,2012
674,Camila Loures,14300000,4404726516,3688,Music,2014
675,Rosanna Pansino,14300000,4374008476,1106,Howto & Style,2010
676,Auron,14300000,3019345430,838,People & Blogs,2013
677,5-Minute Crafts Recycle,14200000,8280623350,3266,People & Blogs,2019
678,Invento na Hora,14200000,3954915463,1232,Film & Animation,2014
679,Doc Tops,14200000,2516908404,457,Entertainment,2014
680,Disney Junior,14200000,13991553391,3643,Entertainment,2008
681,KOMPASTV,14200000,10910667115,245453,News & Politics,2013
682,MNCTV OFFICIAL,14200000,7683242415,58581,Entertainment,2012
683,Infobells Bangla,14200000,6926902432,309,Education,2016
684,Saad Lamjarred | سعد لمجرد,14200000,4115740719,158,Music,2012
685,The MriDul,14200000,4047724263,98,Comedy,2015
686,#Refugio Mental,14100000,3544300212,764,Entertainment,2013
687,NikkieTutorials,14100000,1672330718,866,Howto & Style,2008
688,Mis Pastelitos,14100000,2514596947,556,Howto & Style,2014
689,F2Freestylers - Ultimate Soccer Skills Channel,14100000,3210551602,769,Sports,2011
690,Мастерская Настроения,14100000,3808039710,963,Entertainment,2013
691,MalumaVEVO,14100000,18436716176,177,Music,2011
692,Aadishakti Films,14100000,6102779731,4706,Music,2016
693,Katakit Baby TV,14100000,5811945530,196,Music,2010
694,Trap City,14100000,5004580463,2638,Music,2012
695,melanie martinez,14100000,4028748305,96,Music,2007
696,Harry Styles,14000000,5083756024,14,People & Blogs,2017
697,Zig & Sharko,14000000,8683956869,898,Film & Animation,2015
698,PrestonPlayz,14000000,5195437365,801,Gaming,2018
699,AM3NlC,14000000,4889142949,5614,Gaming,2012
700,Like Nastya Stories,14000000,6638937132,418,Entertainment,2019
701,ABC News,14000000,12266150289,76462,News & Politics,2006
702,O Reino Infantil,14000000,10518046735,1120,Music,2014
703,Telemundo,14000000,8202234385,18798,Entertainment,2007
704,TazerCraft,14000000,5488153625,4066,Gaming,2011
705,Bie The Ska,14000000,4498785156,1448,Entertainment,2006
706,Juliana Baltar,14000000,3485653689,1669,Entertainment,2010
707,GMM25Thailand,14000000,8821803304,60211,Entertainment,2011
708,Neha Kakkar,13900000,1966260662,146,Music,2012
709,PowerfulJRE,13900000,2674135169,887,People & Blogs,2013
710,Ishaan Ali 11,13900000,8835220816,710,People & Blogs,2016
711,ماشا و الدب,13900000,7223914427,844,Shows,2017
712,tuzelity SHUFFLE,13900000,6142842116,782,People & Blogs,2015
713,DangMattSmith,13900000,3219797084,1534,Entertainment,2011
714,NOBRU,13900000,261499585,427,Gaming,2016
715,T-Series Hamaar Bhojpuri,13900000,6846976290,9548,Entertainment,2011
716,Darkar Company Studios,13800000,2214543452,178,Film & Animation,2009
717,ZEE5,13800000,17189678828,89656,Entertainment,2018
718,Sony Music South,13800000,8549020227,2275,Music,2014
719,Ray William Johnson,13800000,8202521798,1535,Entertainment,2008
720,Wish 107.5,13800000,5658398807,1673,Music,2014
721,ADEL et SAMI,13800000,5216526296,422,Entertainment,2018
722,Coke Studio,13800000,3692221584,560,Music,2014
723,Narins Beauty,13800000,2147505352,422,Howto & Style,2014
724,MAIKI021,13700000,1916175410,3162,Entertainment,2008
725,TV Ana Emilia,13700000,4525713851,577,People & Blogs,2014
726,FFUNTV,13700000,10608345270,376,Gaming,2018
727,Danny Fitt,13700000,8122982712,1869,People & Blogs,2016
728,BBC News,13700000,4248150214,17513,News & Politics,2006
729,Narendra Modi,13700000,2800240852,18491,News & Politics,2007
730,Wengie,13600000,1889199744,414,Howto & Style,2010
731,PlayHard,13600000,2019571122,2211,Gaming,2014
732,StudyIQ IAS,13600000,3504832993,39036,Education,2015
733,Gallina Pintadita,13600000,9268704548,61,Music,2011
734,Wesley Safadão,13600000,7726422032,421,Music,2009
735,Crazy Frog,13600000,7399861178,37,Music,2009
736,infobells,13600000,5075166188,468,Education,2011
737,123 GO! Spanish,13600000,4871205567,420,People & Blogs,2019
738,MyMissAnand,13500000,4752029228,301,People & Blogs,2014
739,Atlantic Records,13500000,11999986364,1492,Music,2006
740,dednahype,13500000,13757629009,1210,Comedy,2020
741,ETV Jabardasth,13500000,12789057206,8540,People & Blogs,2015
742,Sony LIV,13500000,6516846097,9792,Entertainment,2014
743,FAPTV,13500000,5234144005,679,Comedy,2014
744,Lindsey Stirling,13500000,3659466058,197,Music,2007
745,The World Adventures हिन्दी,13500000,2129901800,935,People & Blogs,2016
746,JD Pantoja,13500000,1426482050,16,People & Blogs,2017
747,Netflix Jr.,13400000,8144734008,1733,Education,2012
748,Поззи,13400000,6631847487,3116,People & Blogs,2012
749,Rebecca Zamolo,13400000,5504071291,903,Comedy,2011
750,AzzyLand,13400000,6130084420,1629,Gaming,2015
751,Desi Gamers,13400000,2030227951,1315,Gaming,2015
752,H2ODelirious,13300000,4286767975,3286,Gaming,2007
753,Crescendo com Luluca,13300000,4646460697,1203,Entertainment,2015
754,T-Series Regional,13300000,4958656890,15041,Entertainment,2011
755,Veritasium,13300000,1958582942,350,Education,2010
756,Conor Maynard,13300000,2665397983,284,Music,2006
757,jbalvinVEVO,13300000,20219708239,235,Music,2010
758,Saturday Night Live,13300000,14095534282,8159,Entertainment,2013
759,The Q,13300000,4179824130,288,People & Blogs,2017
760,Kurt Hugo Schneider,13300000,3705891507,692,Entertainment,2007
761,Anaysa,13300000,3283873970,513,Howto & Style,2012
762,NishaMadhulika,13300000,2795305843,2104,Howto & Style,2009
763,BBC,13200000,9296738948,14156,Pets & Animals,2005
764,Zee Telugu,13200000,9265994462,104189,Entertainment,2008
765,karameeshchannel,13200000,8883292835,2178,Entertainment,2012
766,Meghan Trainor,13200000,7822230597,148,People & Blogs,2008
767,theRadBrad,13200000,5932290734,7961,Gaming,2006
768,Jazzghost,13200000,5078316051,5312,Gaming,2012
769,VexTrex,13100000,7736404007,3500,Entertainment,2014
770,Brawl Stars,13100000,1944961599,155,Gaming,2017
771,Matt Steffanina,13100000,3140352689,523,Entertainment,2011
772,JOJO TV - Hindi Stories,13100000,4955237714,1006,Education,2016
773,Typical Gamer,13100000,4072134308,4069,Gaming,2008
774,أترو/Atro,13100000,2244181201,1712,Gaming,2017
775,O Que Não Dizer Oficial,13100000,1723601563,574,Comedy,2015
776,Jamuna TV,13100000,10958457763,97033,News & Politics,2017
777,Kids TV India Hindi Nursery Rhymes,13100000,6194817833,1272,Shows,2014
778,The LaBrant Fam,13100000,4577161512,595,Comedy,2012
779,ATHLEAN-X™,13100000,2233627821,1314,Howto & Style,2006
780,DALLMYD,13100000,1773415670,393,Sports,2011
781,Alex Gonzaga Official,13100000,1360273293,252,People & Blogs,2017
782,Come Play With Me,13100000,15474314657,386,Entertainment,2014
783,Lady Diana,13100000,7814517029,1346,Entertainment,2016
784,sagar kalra (Shorts),13000000,5483428689,401,People & Blogs,2017
785,Think Music India,13000000,9958947026,4452,Music,2009
786,Hacksmith Industries,13000000,1408649134,791,Science & Technology,2006
787,Matheus Yurley,13000000,139450407,68,Entertainment,2015
788,CookingShooking Hindi,13000000,1684387848,393,People & Blogs,2017
789,Mythpat,13000000,2792917860,337,Entertainment,2018
790,Calon Sarjana,13000000,10664585,29,Entertainment,2016
791,Everson Zoio,13000000,1004312062,594,Comedy,2009
792,Zee Bangla,13000000,8095947007,101353,Entertainment,2008
793,RedeTV,13000000,5243538335,33816,Entertainment,2011
794,twenty one pilots,13000000,4940473759,182,Music,2009
795,Ei Nerd,13000000,3398836213,5651,Entertainment,2013
796,Goldmines Premiere,13000000,1781566597,653,Entertainment,2013
797,DJ Khaled,12900000,6405935489,59,Music,2018
798,Mrwhosetheboss,12900000,2522365187,1488,Science & Technology,2011
799,Top Viral Talent,12900000,3847800217,1865,Entertainment,2014
800,EnriqueIglesiasVEVO,12900000,15018595817,136,Music,2009
801,Colors Rishtey,12900000,10739183295,18371,Entertainment,2013
802,RS 1313 SHORTS,12900000,6767680381,4660,Entertainment,2020
803,Компот,12900000,6687118830,2025,Gaming,2013
804,Lana Del Rey,12900000,6183850559,40,Music,2011
805,Awakening Music,12900000,5196501306,745,Music,2006
806,Hungria Hip Hop,12900000,4296055045,50,Music,2013
807,The Shiny Peanut,12900000,2840870688,2337,Education,2016
808,DeGoBooM,12900000,5257749726,3394,Gaming,2014
809,Peppa Pig em Português Brasil - Canal Oficial,12800000,4055556450,1231,Film & Animation,2014
810,BeyoncéVEVO,12800000,13662997727,169,Music,2009
811,#Refúgio Mental,12800000,2659524359,819,Entertainment,2013
812,Trakin Tech,12800000,2024906006,3450,Science & Technology,2011
813,Kabita's Kitchen,12800000,2516352711,1329,Howto & Style,2014
814,BIBO와 장난감,12800000,3085412541,170,Entertainment,2016
815,7 Minutoz,12800000,4153844467,521,Music,2012
816,Knowledge Tv हिन्दी,12800000,1768376077,1692,People & Blogs,2014
817,MrSuicideSheep,12800000,6857230232,3338,Entertainment,2010
818,Ami Rodriguez,12800000,2081891117,377,Entertainment,2009
819,E-MasterSensei,12800000,3587873026,1228,Gaming,2016
820,Geo News,12800000,4925451240,172983,News & Politics,2007
821,GMA News,12800000,11220255933,342802,News & Politics,2007
822,Codiscos,12800000,10763457454,7174,Music,2007
823,Blockbuster Movies,12800000,2515063658,463,Entertainment,2016
824,TV9 Bharatvarsh,12800000,8736936076,233127,People & Blogs,2018
825,The Dodo,12800000,8683276984,7397,Pets & Animals,2014
826,Luli Pampín,12800000,7128616807,246,Music,2012
827,The Infographics Show,12800000,4872169397,3817,Education,2011
828,Lokdhun Punjabi,12800000,4552563710,1400,Music,2010
829,Sonotek Bhakti,12800000,3902273032,7752,Entertainment,2010
830,Indore Physical Academy,12800000,3624179675,1512,People & Blogs,2014
831,Wolfoo Channel,12800000,3384474222,623,https://us.youtubers.me/global/all/top-1000-most_subscribed-youtube-channels,2019
832,Yudist Ardhana,12700000,4862085005,2414,Entertainment,2016
833,RaptorGamer,12700000,2704763663,1303,People & Blogs,2016
834,Kids Line♡キッズライン,12700000,11198318568,2783,People & Blogs,2011
835,JesseAndMike,12700000,9481436539,656,Entertainment,2007
836,Влад и Никита,12700000,7751585555,449,https://us.youtubers.me/global/all/top-1000-most_subscribed-youtube-channels,2018
837,Troom Troom India,12700000,6608476174,2199,Howto & Style,2015
838,My Mate Nate,12700000,3008638341,1107,Comedy,2014
839,gymvirtual,12700000,2430526081,1500,Sports,2010
840,Davie504,12600000,2498175486,806,Entertainment,2011
841,NickiMinajAtVEVO,12600000,8617068421,98,Music,2010
842,Луномосик,12600000,5848562902,538,People & Blogs,2015
843,Blossom,12600000,4527850608,674,Howto & Style,2017
844,Adexe & Nau,12600000,4514074611,582,Music,2013
845,BanderitaX,12600000,3690336615,1559,Gaming,2013
846,Technology Gyan,12600000,1031637100,969,Science & Technology,2015
847,Health Time,12600000,992361227,1687,Howto & Style,2016
848,Melon City Show - برنامج ولاية بطيخ,12600000,5692761946,1715,Comedy,2016
849,WiederDude,12500000,2454705246,281,https://us.youtubers.me/global/all/top-1000-most_subscribed-youtube-channels,2016
850,elliegoulding,12500000,6751007251,155,Music,2007
851,TKOR,12500000,3361880534,1481,Education,2010
852,Vogue,12500000,3776103044,2877,Entertainment,2008
853,Ja Mill,12500000,1302818088,567,People & Blogs,2016
854,Priyal Kukreja,12500000,7984381092,613,People & Blogs,2021
855,Little Baby Bum en Español,12500000,6850021546,1316,Education,2014
856,Republic Bharat,12500000,5973835941,64600,News & Politics,2019
857,Parafernalha,12500000,4582763542,1721,Entertainment,2011
858,Talking Angela,12500000,3433210811,217,Entertainment,2014
859,CaseyNeistat,12500000,3107426903,1089,People & Blogs,2010
860,Piuzinho,12500000,1054626166,478,Gaming,2015
861,SAAIHALILINTAR,12500000,1108603203,408,Entertainment,2012
862,Jass Records,12500000,5649739561,4968,Music,2014
863,LOUD,12400000,2358986498,1155,Gaming,2019
864,Koray Zeynep,12400000,14695012005,12655,People & Blogs,2016
865,Heidi and Zidane HZHtube,12400000,3606270407,681,Entertainment,2015
866,DisneyChannelUK,12400000,11821116201,3284,Music,2007
867,Rauw Alejandro,12400000,10418976938,141,Music,2014
868,Future,12400000,9328021218,59,Music,2011
869,Just For Laughs Gags,12400000,7886065029,7278,Comedy,2007
870,Heroindori,12400000,6487369114,336,Comedy,2020
871,Duo Tiempo De Sol,12400000,6256144602,301,Music,2013
872,infobells - Kannada,12400000,5744088014,379,Education,2014
873,Troom Troom PT,12400000,4302109080,2553,Howto & Style,2015
874,Gibby :),12400000,2814118004,216,People & Blogs,2014
875,People Vs Food,12400000,1050713750,479,Entertainment,2013
876,Wolfoo Family,12400000,3120045865,631,https://us.youtubers.me/global/all/top-1000-most_subscribed-youtube-channels,2019
877,Eli Kids - Cartoons & Songs,12300000,3715871927,457,https://us.youtubers.me/global/all/top-1000-most_subscribed-youtube-channels,2018
878,Migos ATL,12300000,6690382235,100,Music,2012
879,Acenix,12300000,1852421314,304,Gaming,2014
880,Más SKabeche,12300000,2955450684,697,Travel & Events,2015
881,SR Toys Collection,12300000,4018076796,984,Entertainment,2012
882,办公室小野 Ms Yeah,12300000,3888668815,400,People & Blogs,2017
883,웃웃TwinsFromRussia,12300000,8670899572,5382,People & Blogs,2011
884,Akon,12300000,5780108081,43,Music,2005
885,Wave Music Bhakti,12300000,5030056103,19534,Music,2011
886,NDTV,12300000,4803479418,138620,Entertainment,2006
887,CHHOTU KI MASTI,12300000,4313298357,112,Comedy,2018
888,Its JoJo Siwa,12300000,3948740983,735,Entertainment,2015
889,MC Divertida,12200000,4748565465,353,Entertainment,2018
890,Troom Troom Indonesia,12200000,5186482167,1688,People & Blogs,2019
891,jaanvi patel,12200000,5430906777,419,People & Blogs,2018
892,YoungBoy Never Broke Again,12200000,12118657768,590,Entertainment,2015
893,SEVENGERS,12200000,8396773331,714,Comedy,2018
894,DaniRep | +6 Vídeos Diarios De GTA 5 Online!,12200000,6632558338,11556,Gaming,2012
895,Ice Cream Rolls,12200000,1538871204,1691,Entertainment,2011
896,colinfurze,12200000,1524031933,375,Entertainment,2006
897,Kylie Jenner,12200000,777504993,153,People & Blogs,2015
898,Bela Bagunça,12200000,2821237136,987,People & Blogs,2015
899,deepesh zo,12100000,5655945454,392,People & Blogs,2021
900,Timba Vk,12100000,2686843858,919,Gaming,2012
901,THE BROWN SIBLINGS,12100000,7425242681,764,Entertainment,2016
902,Yair17,12100000,1305860534,1030,Gaming,2014
903,penguinz0,12100000,6704978227,4270,Gaming,2007
904,Avril Lavigne,12100000,5905100328,163,Music,2005
905,Heidi y Zidane,12100000,5772331296,531,https://us.youtubers.me/global/all/top-1000-most_subscribed-youtube-channels,2019
906,Маша та Ведмідь,12100000,5223502987,1082,Shows,2014
907,123 GO!,12100000,4528828203,457,People & Blogs,2019
908,Lulu99,12100000,2227343024,542,Entertainment,2015
909,Panda,12100000,2084417860,1444,https://us.youtubers.me/global/all/top-1000-most_subscribed-youtube-channels,2018
910,Nat and Essie,12000000,7085568806,1062,Film & Animation,2015
911,Planet Earth INDIA,12000000,1767257262,647,People & Blogs,2011
912,eltrece,12000000,11599265811,157752,Entertainment,2014
913,NATTI NATASHA,12000000,7640979425,163,Music,2015
914,Mor Haryanvi,12000000,6012566606,408,Music,2015
915,Diana and Roma IND,12000000,5236195681,487,https://us.youtubers.me/global/all/top-1000-most_subscribed-youtube-channels,2019
916,Quantum Tech HD,12000000,4421255437,490,Science & Technology,2015
917,Franco Escamilla,12000000,3792018934,2275,Comedy,2007
918,Pastor Antônio Júnior,12000000,1880211143,4096,People & Blogs,2013
919,TsMadaan,12000000,1370529687,1753,Howto & Style,2008
920,Hero Movies 2023,11900000,1567419173,446,People & Blogs,2017
921,Topper Guild,11900000,11296940423,612,Comedy,2014
922,Willie Salim,11900000,2811346388,446,People & Blogs,2014
923,MBC مصر,11900000,6617278334,40741,Entertainment,2012
924,First We Feast,11900000,2645221536,896,Howto & Style,2014
925,Rubius Z,11900000,1975397586,496,Comedy,2006
926,Black Eyed Peas,11900000,10134616933,71,Music,2007
927,Pari's Lifestyle,11900000,7271047228,401,People & Blogs,2018
928,CNCO,11900000,7059676669,187,Music,2015
929,AlArabiya العربية,11900000,6575858204,147459,People & Blogs,2006
930,Luan Santana,11900000,5332547232,379,Music,2009
931,DANIEL EL TRAVIESO VIDEOS,11900000,4842572088,335,Comedy,2014
932,KaKa Kids TV - Nursery Rhymes Kids Animated Songs,11900000,4185234779,331,https://us.youtubers.me/global/all/top-1000-most_subscribed-youtube-channels,2013
933,Kluna Tik,11900000,4154119625,302,Entertainment,2014
934,Make Joke Of,11900000,1962826145,48,Comedy,2017
935,Lofi Girl,11900000,1476334365,372,Music,2015
936,GoldminesAction,11900000,1169023702,644,Film & Animation,2015
937,emma chamberlain,11900000,1572887708,287,Entertainment,2016
938,ChrisBrownVEVO,11900000,13190990325,297,Music,2009
939,Kashvi Adlakha,11900000,10392111852,1310,Entertainment,2017
940,Jaiden Animations,11800000,2203766508,104,Film & Animation,2014
941,MORGENSHTERN,11800000,2262532486,160,Music,2013
942,Norman,11800000,2703042539,210,Comedy,2011
943,bharatzkitchen HINDI,11800000,2111580099,677,Howto & Style,2016
944,EU FICO LOKO,11800000,1188130067,1605,Comedy,2010
945,CalvinHarrisVEVO,11800000,13952879752,174,Music,2009
946,Flowers Comedy,11800000,10538459750,10287,Entertainment,2015
947,P!NK,11800000,7548976997,19,Music,2006
948,Wild 'N Out,11800000,4615066353,1357,Entertainment,2006
949,Koo Koo TV - Hindi,11800000,4366561548,1033,Education,2017
950,LipaoGamer,11800000,4011244826,11248,Gaming,2011
951,MrGear,11800000,3263435380,840,Science & Technology,2015
952,TWO SIDE GAMERS,11800000,2064926551,1873,Music,2018
953,TommyInnit,11800000,1680228521,305,Gaming,2015
954,Naz | ناز,11800000,2013778695,917,People & Blogs,2016
955,FrontaL Gaming,11800000,268739666,157,Gaming,2015
956,Halsey,11700000,4654677099,52,Music,2014
957,Kendrick Lamar,11700000,5254014931,22,People & Blogs,2018
958,Lil Wayne,11700000,5741869232,263,Music,2013
959,الجانب المُشرق | Bright Side Arabic,11700000,1686312058,5338,Howto & Style,2018
960,Garena Free Fire LATAM,11700000,1659725078,1670,People & Blogs,2018
961,POCOYÓ en ESPAÑOL - Canal Oficial,11700000,8759719169,1630,Film & Animation,2007
962,Chetan Monga Vlogs,11700000,8253741205,798,People & Blogs,2014
963,elcarteldesantatv,11700000,6698448077,344,Music,2008
964,BBC Earth,11700000,4212409776,2338,Pets & Animals,2009
965,SBT,11700000,3455406720,25943,Comedy,2008
966,Tfue,11700000,1488520716,833,Gaming,2014
967,Yoga With Adriene,11700000,1267465262,674,Howto & Style,2012
968,Dani Russo Tv,11700000,611866406,277,Comedy,2014
969,Free Fire India Official,11700000,1486885351,1268,People & Blogs,2018
970,Noman Official,11600000,4775297096,439,Comedy,2019
971,BIBO и Игрушки,11600000,1046651653,169,Entertainment,2019
972,Machinima,11600000,,,Film & Animation,2006
973,Mundo Bita,11600000,15080936964,195,Music,2011
974,Salman Noman,11600000,8002520517,548,Entertainment,2013
975,Single Track Studio,11600000,4692757292,1726,Entertainment,2010
976,Stray Kids,11600000,2599025008,709,People & Blogs,2017
977,Gustavo Paródias,11600000,2187032139,690,Comedy,2014
978,CrazyRussianHacker,11600000,3208363861,2187,Science & Technology,2012
979,Biper y sus Amigos,11600000,5200224730,148,Music,2012
980,CarryisLive,11600000,1449647680,947,Gaming,2017
981,Airrack,11500000,1542774923,159,Entertainment,2015
982,Vy Qwaint,11500000,5652341273,559,Howto & Style,2014
983,Toys Make Me Smile,11500000,4830020688,102,Entertainment,2015
984,ZutiGang,11500000,12712546262,1075,People & Blogs,2021
985,Flamingo,11500000,9569061994,2324,Gaming,2017
986,Brancoala,11500000,8465443935,1768,Entertainment,2008
987,Annoying Orange,11500000,8058549344,1948,Shows,2010
988,Zee Kids,11500000,7017537235,1015,Film & Animation,2012
989,ARY News,11500000,5765943823,67453,News & Politics,2013
990,Star Casablanca | نجوم الدار البيضاء,11500000,5338043398,1030,Music,2015
991,Maymo,11500000,5050463518,512,Pets & Animals,2006
992,설기양SULGI,11500000,2971992503,597,People & Blogs,2012
993,The Film Theorists,11500000,2415688324,382,Film & Animation,2014
994,ToysPlay,11500000,7254635746,431,Entertainment,2015
995,Morgz,11500000,2780058418,775,Gaming,2014
996,XO TEAM,11500000,11471384709,2679,People & Blogs,2021
997,Nirahua Music World,11500000,5997717755,788,Music,2014
998,YtCrash,11400000,3825084,1,Education,2015
999,Painzeiro,11400000,2143444281,946,People & Blogs,2015
1000,Oum Walid,11400000,2480064722,1598,People & Blogs,2015
